{
  "mode": "Indexed",
  "policyRule": {
    "if": { 
      "allOf": [
        {
          "field": "type",
          "equals": "Microsoft.Sql/servers"
        },
        {
          "field": "Microsoft.Sql/servers/firewallRules/startIpAddress",
          "like": "*"
        },
        {
          "field": "Microsoft.Sql/servers/firewallRules/endIpAddress",
          "like": "*"
        }
      ]
    },
    "then": {
      "effect": "[parameters('effect')]",
      "details":{
        "type": "Microsoft.Sql/servers",
        "name": "current",
          "existenceCondition": {
            "allOf": [
              {
                "field": "Microsoft.Sql/servers/firewallRules/startIpAddress",
                "like": "*"
              },
              {
                "field": "Microsoft.Sql/servers/firewallRules/endIpAddress",
                "like": "*"
              }
            ]
          },
          "roleDefinitionIds": [
            "/providers/Microsoft.Authorization/roleDefinitions/6d8ee4ec-f05a-4a1d-8b00-a9b17e38b437"
          ],
          "deployment": {
            "properties": {
              "mode": "incremental",
              "template": {
                "$schema": "http://schema.management.azure.com/schemas/2015-01-01/deploymentTemplate.json#",
                "contentVersion": "1.0.0.0",
                "parameters": {
                  "serverName": {
                    "type": "string"
                  },
                  "location": {
                    "type": "string"
                  },
                  "ruleName": {
                    "type": "string"
                  },
                  "startIpAddress": {
                    "type": "string"
                  },
                  "endIpAddress": {
                    "type": "string"
                  }
                },
                "resources": [
                  {
                    "apiVersion": "2015-05-01-preview",
                    "type": "Microsoft.Sql/servers/firewallRules",
                    "name": "[concat(parameters('serverName'),'/',parameters('ruleName'))]",
                    "location": "[parameters('location')]",
                    "properties": {
                      "startIpAddress": "[parameters('startIpAddress')]",
                      "endIpAddress": "[parameters('endIpAddress')]"
                    }
                  }
                ]
              },
              "parameters": {
                "serverName": {
                  "value": "[field('name')]"
                },
                "location": {
                  "value": "[field('location')]"
                },
                "ruleName": {
                  "value": "[parameters('ruleName')]"
                },
                "startIpAddress": {
                  "value": "[parameters('startIpAddress')]"
                },
                "endIpAddress": {
                  "value": "[parameters('endIpAddress')]"
                }
              }
            }
          }
        }
      }
    },
  "parameters": {
    "effect": {
      "type": "String",
      "metadata": {
        "displayName": "Effect",
        "description": "The effect determines what happens when the policy rule is evaluated to match"
      },
      "allowedValues": [
        "Audit",
        "Deny",
        "DeployIfNotExists"
      ],
      "defaultValue": "Audit"
    },
    "ruleName": {
      "type": "String",
      "metadata": {
        "displayName": "Rule Name",
        "description": "The name of the SQL Server Firewall Rule"
      }
    },
    "startIpAddress": {
      "type": "String",
      "metadata": {
        "displayName": "Starting IP address",
        "description": "The beginning of the allowed IP address range."
      }
    },
    "endIpAddress": {
      "type": "String",
      "metadata": {
        "displayName": "End IP address",
        "description": "The end of the allowed IP address.  If single address, list same IP as 'Starting IP address'."
      }
    }
  }
}