{
  "mode": "Indexed",
  "policyRule": {
    "if": { 
      "allOf": [
        {
          "field": "type",
          "equals": "Microsoft.Storage/storageAccounts"
        },
        {
          "field": "Microsoft.Storage/storageAccounts/supportsHttpsTrafficOnly",
          "equals": "false"
        }
      ]
    },
    "then": {
      "effect": "[parameters('effect')]",
      "details":{
        "type": "Microsoft.Storage/storageAccounts/supportsHttpsTrafficOnly",
        "name": "current",
          "existenceCondition": {
            "field": "Microsoft.Storage/storageAccounts/supportsHttpsTrafficOnly",
            "equals": "false"
          },
          "roleDefinitionIds": [
            "/providers/Microsoft.Authorization/roleDefinitions/17d1049b-9a84-46fb-8f53-869881c3d3ab"
          ],
          "deployment": {
            "properties": {
              "mode": "incremental",
              "template": {
                "$schema": "http://schema.management.azure.com/schemas/2015-01-01/deploymentTemplate.json#",
                "contentVersion": "1.0.0.0",
                "parameters": {
                  "storageAccountName": {
                    "type": "string"
                  },
                  "location": {
                    "type": "string"
                  }
                },
                "resources": [
                  {
                    "apiVersion": "2019-06-01",
                    "type": "Microsoft.Storage/storageAccounts",
                    "name": "[parameters('storageAccountName')]",
                    "location": "[parameters('location')]",
                    "properties": {
                      "supportsHttpsTrafficOnly": "true"
                    }
                  }
                ]
              },
              "parameters": {
                "storageAccountName": {
                  "value": "[field('name')]"
                },
                "location": {
                  "value": "[field('location')]"
                }
              }
            }
          }
        }
      }
    },
  "parameters": {
    "effect": {
      "type": "String",
      "metadata": {
        "displayName": "Effect",
        "description": "The effect determines what happens when the policy rule is evaluated to match"
      },
      "allowedValues": [
        "Audit",
        "Deny",
        "DeployIfNotExists"
      ],
      "defaultValue": "Audit"
    }
  }
}