{
  "mode": "Indexed",
  "policyRule": {
    "if": {
      "allOf": [
        {
          "field": "type",
          "equals": "Microsoft.Compute/virtualMachineScaleSets"
        },
        {
          "anyOf": [
            {
              "field": "Microsoft.Compute/imageId",
              "in": "[parameters('listOfImageIdToInclude')]"
            },
            {
              "allOf": [
                {
                  "field": "Microsoft.Compute/imagePublisher",
                  "equals": "RedHat"
                },
                {
                  "field": "Microsoft.Compute/imageOffer",
                  "in": [
                    "RHEL",
                    "RHEL-SAP-HANA"
                  ]
                },
                {
                  "anyOf": [
                    {
                      "field": "Microsoft.Compute/imageSKU",
                      "like": "6.*"
                    },
                    {
                      "field": "Microsoft.Compute/imageSKU",
                      "like": "7*"
                    }
                  ]
                }
              ]
            },
            {
              "allOf": [
                {
                  "field": "Microsoft.Compute/imagePublisher",
                  "equals": "SUSE"
                },
                {
                  "field": "Microsoft.Compute/imageOffer",
                  "in": [
                    "SLES",
                    "SLES-HPC",
                    "SLES-HPC-Priority",
                    "SLES-SAP",
                    "SLES-SAP-BYOS",
                    "SLES-Priority",
                    "SLES-BYOS",
                    "SLES-SAPCAL",
                    "SLES-Standard"
                  ]
                },
                {
                  "anyOf": [
                    {
                      "field": "Microsoft.Compute/imageSKU",
                      "like": "12*"
                    }
                  ]
                }
              ]
            },
            {
              "allOf": [
                {
                  "field": "Microsoft.Compute/imagePublisher",
                  "equals": "Canonical"
                },
                {
                  "field": "Microsoft.Compute/imageOffer",
                  "equals": "UbuntuServer"
                },
                {
                  "anyOf": [
                    {
                      "field": "Microsoft.Compute/imageSKU",
                      "like": "14.04*LTS"
                    },
                    {
                      "field": "Microsoft.Compute/imageSKU",
                      "like": "16.04*LTS"
                    },
                    {
                      "field": "Microsoft.Compute/imageSKU",
                      "like": "18.04*LTS"
                    }
                  ]
                }
              ]
            },
            {
              "allOf": [
                {
                  "field": "Microsoft.Compute/imagePublisher",
                  "equals": "Oracle"
                },
                {
                  "field": "Microsoft.Compute/imageOffer",
                  "equals": "Oracle-Linux"
                },
                {
                  "anyOf": [
                    {
                      "field": "Microsoft.Compute/imageSKU",
                      "like": "6.*"
                    },
                    {
                      "field": "Microsoft.Compute/imageSKU",
                      "like": "7.*"
                    }
                  ]
                }
              ]
            },
            {
              "allOf": [
                {
                  "field": "Microsoft.Compute/imagePublisher",
                  "equals": "OpenLogic"
                },
                {
                  "field": "Microsoft.Compute/imageOffer",
                  "in": [
                    "CentOS",
                    "Centos-LVM",
                    "CentOS-SRIOV"
                  ]
                },
                {
                  "anyOf": [
                    {
                      "field": "Microsoft.Compute/imageSKU",
                      "like": "6.*"
                    },
                    {
                      "field": "Microsoft.Compute/imageSKU",
                      "like": "7*"
                    }
                  ]
                }
              ]
            },
            {
              "allOf": [
                {
                  "field": "Microsoft.Compute/imagePublisher",
                  "equals": "cloudera"
                },
                {
                  "field": "Microsoft.Compute/imageOffer",
                  "equals": "cloudera-centos-os"
                },
                {
                  "field": "Microsoft.Compute/imageSKU",
                  "like": "7*"
                }
              ]
            }
          ]
        }
      ]
    },
    "then": {
      "effect": "[parameters('effect')]",
      "details": {
        "type": "Microsoft.Compute/virtualMachineScaleSets/extensions",
        "roleDefinitionIds": [
          "/providers/microsoft.authorization/roleDefinitions/92aaf0da-9dab-42b6-94a3-d43ce8d16293",
          "/providers/microsoft.authorization/roleDefinitions/9980e02c-c2be-4d73-94e8-173b1dc7cf3c"
        ],
        "existenceCondition": {
          "allOf": [
            {
              "field": "Microsoft.Compute/virtualMachineScaleSets/extensions/publisher",
              "equals": "Microsoft.EnterpriseCloud.Monitoring"
            },
            {
              "field": "Microsoft.Compute/virtualMachineScaleSets/extensions/type",
              "equals": "OmsAgentForLinux"
            },
            {
              "field": "Microsoft.Compute/virtualMachineScaleSets/extensions/provisioningState",
              "equals": "Succeeded"
            },
            {
              "field": "Microsoft.Compute/virtualMachineScaleSets/extensions/settings.workspaceId",
              "exists": "true"
            }
          ]
        },
        "deployment": {
          "properties": {
            "mode": "incremental",
            "template": {
              "$schema": "http://schema.management.azure.com/schemas/2015-01-01/deploymentTemplate.json#",
              "contentVersion": "1.0.0.0",
              "parameters": {
                "vmName": {
                  "type": "string"
                },
                "location": {
                  "type": "string"
                },
                "logAnalytics": {
                  "type": "string"
                }
              },
              "variables": {
                "vmExtensionName": "OMSAgentForLinux",
                "vmExtensionPublisher": "Microsoft.EnterpriseCloud.Monitoring",
                "vmExtensionType": "OmsAgentForLinux",
                "vmExtensionTypeHandlerVersion": "1.13"
              },
              "resources": [
                {
                  "name": "[concat(parameters('vmName'), '/', variables('vmExtensionName'))]",
                  "type": "Microsoft.Compute/virtualMachineScaleSets/extensions",
                  "location": "[parameters('location')]",
                  "apiVersion": "2018-06-01",
                  "properties": {
                    "publisher": "[variables('vmExtensionPublisher')]",
                    "type": "[variables('vmExtensionType')]",
                    "typeHandlerVersion": "[variables('vmExtensionTypeHandlerVersion')]",
                    "autoUpgradeMinorVersion": true,
                    "settings": {
                      "workspaceId": "[reference(parameters('logAnalytics'), '2015-03-20').customerId]",
                      "stopOnMultipleConnections": "true"
                    },
                    "protectedSettings": {
                      "workspaceKey": "[listKeys(parameters('logAnalytics'), '2015-03-20').primarySharedKey]"
                    }
                  }
                }
              ],
              "outputs": {
                "policy": {
                  "type": "string",
                  "value": "[concat('Enabled extension for: ', parameters('vmName'))]"
                }
              }
            },
            "parameters": {
              "vmName": {
                "value": "[field('name')]"
              },
              "location": {
                "value": "[field('location')]"
              },
              "logAnalytics": {
                "value": "[parameters('logAnalytics')]"
              }
            }
          }
        }
      }
    }
  },
  "parameters": {
    "logAnalytics": {
      "type": "String",
      "metadata": {
        "displayName": "Log Analytics workspace",
        "description": "Select Log Analytics workspace from dropdown list. If this workspace is outside of the scope of the assignment you must manually grant 'Log Analytics Contributor' permissions (or similar) to the policy assignment's principal ID.",
        "strongType": "omsWorkspace",
        "assignPermissions": true
      }
    },
    "listOfImageIdToInclude": {
      "type": "Array",
      "metadata": {
        "displayName": "Optional: List of VM images that have supported Linux OS to add to scope",
        "description": "Example value: '/subscriptions/<subscriptionId>/resourceGroups/YourResourceGroup/providers/Microsoft.Compute/images/ContosoStdImage'"
      },
      "defaultValue": []
    },
    "effect": {
      "type": "String",
      "metadata": {
        "displayName": "Effect",
        "description": "The effect determines what happens when the policy rule is evaluated to match"
      },
      "allowedValues": [
        "Audit",
        "Deny",
        "DeployIfNotExists"
      ],
      "defaultValue": "Audit"
    }
  }
}