{
  "mode": "Indexed",
  "policyRule": {
    "if": {
      "allOf": [
        {
          "field": "type",
          "equals": "Microsoft.Web/sites"
        },
        {
          "field": "kind",
          "like": "app*"
        },
        {
          "field": "Microsoft.Web/sites/httpsOnly",
          "equals": "false"
        }
      ]
    },
    "then": {
      "effect": "[parameters('effect')]",
      "details": {
        "type": "Microsoft.Web/sites/httpsOnly",
        "name": "current",
        "existenceCondition": {
          "field": "Microsoft.Web/sites/httpsOnly",
          "equals": "false"
        },
        "roleDefinitionIds": [
          "/providers/Microsoft.Authorization/roleDefinitions/de139f84-1756-47ae-9be6-808fbbe84772"
        ],
        "deployment": {
          "properties": {
            "mode": "incremental",
            "template": {
              "$schema": "http://schema.management.azure.com/schemas/2015-01-01/deploymentTemplate.json#",
              "contentVersion": "1.0.0.0",
              "parameters": {
                "appServiceName": {
                  "type": "string"
                },
                "location": {
                  "type": "string"
                }
              },
              "resources": [
                {
                  "apiVersion": "2018-11-01",
                  "type": "Microsoft.Web/sites",
                  "name": "[parameters('appServiceName')]",
                  "location": "[parameters('location')]",
                  "properties": {
                    "httpsOnly": "true"
                  }
                }
              ]
            },
            "parameters": {
              "appServiceName":{
                "value": "[field('name')]"
              },
              "location": {
                "value": "[field('location')]"
              }
            }
          }
        }
      }
    }
  },
  "parameters": {
    "effect": {
      "type": "String",
      "metadata": {
        "displayName": "Effect",
        "description": "The effect determines what happens when the policy rule is evaluated to match"
      },
      "allowedValues": [
        "Audit",
        "Deny",
        "DeployIfNotExists"
      ],
      "defaultValue": "Audit"
    }
  }
}